 
{
    "ret": 0,
    "msg": "success",
    "data": {
        "vipStatus": 1,
        "now": 1616141687333,
        "isFreeTrail": true,
        "isAutoRenew": false,
        "channelLifeStatus": 1,
        "transformRate": 1,
        "nickName": "小精豆0芳",
        "logoPic": "group52/M0A/5E/D3/wKgLcFwld6jDQZ9fAAAT5HzxaL8028.jpg",
        "modules": [{
            "moduleType": "VIP_NEW_STATUS_V3",
            "properties": {
                "sortEnable": false,
                "moduleId": 0,
                "guideText": "开通VIP 畅听好书好课",
                "guideTextUrl": "https://m.ximalaya.com/vip/product/ts?orderSource=app_Other_VipChannel_VipCard",
                "buttonType": "IMAGE",
                "buttonImage": "http://imagev2.xmcdn.com/storages/9923-audiofreehighqps/49/AB/CMCoOR8DqOEpAAAYNQBwNGGS.jpg!op_type=0&unlimited=0",
                "buttonText": "开通",
                "buttonIcon": "http://imagev2.xmcdn.com/storages/ceee-audiofreehighqps/B7/37/CMCoOSMDp6aYAAAiUABv4Waf.png!op_type=0&unlimited=0",
                "buttonUrl": "https://m.ximalaya.com/vip/product/ts?orderSource=app_Other_VipChannel_VipCard",
                "rightDetailsText": "",
                "rightDetailsUrl": "",
                "showLevel": true,
                "classType": "HIDE_GREET_TEXT"
            },
            "sortEnable": false,
            "moduleId": 2033,
            "moduleName": "全新非会员卡片",
            "nickName": "小精豆0芳",
            "logoPic": "http://imagev2.xmcdn.com/group52/M0A/5E/D3/wKgLcFwld6jDQZ9fAAAT5HzxaL8028.jpg!op_type=5&upload_type=header&device_type=ios&name=web_large&magick=webp",
            "levelUrl": "https://m.ximalaya.com/business-vip-level-h5-web/profile?utmsource=vipchannel"
        }, {
            "moduleType": "VIP_SQUARE",
            "sortEnable": false,
            "moduleId": 2032,
            "moduleName": "210222-内容分类（10个）",
            "list": [{
                "title": "热门推荐",
                "icon": "http://imagev2.xmcdn.com/storages/2626-audiofreehighqps/58/6E/CMCoOSUECRhDAAAd_ACKTb5g.png!op_type=0&magick=webp&unlimited=0",
                "type": 6,
                "value": "https://pages.ximalaya.com/mkt/act/0f3a786dc07bd620?utm_source=hyrbb",
                "iconForNight": "http://imagev2.xmcdn.com/storages/0953-audiofreehighqps/5D/B2/CMCoOSYECRhXAAAd_ACKTcU5.png!op_type=0&magick=webp&unlimited=0",
                "name": "热门推荐-210222"
            }, {
                "title": "喜马讲书",
                "icon": "http://imagev2.xmcdn.com/storages/5e1a-audiofreehighqps/C4/E3/CMCoOR8ECRiFAAAWowCKTdRi.png!op_type=0&magick=webp&unlimited=0",
                "type": 6,
                "value": "https://m.ximalaya.com/business-book-mobile-web-v2/?utm_source=jsrk4",
                "iconForNight": "http://imagev2.xmcdn.com/storages/3448-audiofreehighqps/B5/24/CMCoOSIECRibAAAWowCKTdwl.png!op_type=0&magick=webp&unlimited=0",
                "name": "喜马讲书-210222"
            }, {
                "title": "相声评书",
                "icon": "http://imagev2.xmcdn.com/storages/1878-audiofreehighqps/6E/4A/CMCoOSEECRiwAAAcQgCKTeK8.png!op_type=0&magick=webp&unlimited=0",
                "type": 5,
                "value": "iting://open?msg_type=78&category_id=85&title=VIP相声评书",
                "iconForNight": "http://imagev2.xmcdn.com/storages/1338-audiofreehighqps/A5/E1/CMCoOSUECRjNAAAcQgCKTesk.png!op_type=0&magick=webp&unlimited=0",
                "name": "相声评书-210222"
            }, {
                "title": "休闲娱乐",
                "icon": "http://imagev2.xmcdn.com/storages/4792-audiofreehighqps/2D/6E/CMCoOR4ECRjjAAAlrACKTfGM.png!op_type=0&magick=webp&unlimited=0",
                "type": 5,
                "value": "iting://open?msg_type=78&category_id=87&title=VIP休闲娱乐",
                "iconForNight": "http://imagev2.xmcdn.com/storages/4ac0-audiofreehighqps/B4/69/CMCoOSUECRjzAAAlrACKTfYp.png!op_type=0&magick=webp&unlimited=0",
                "name": "休闲娱乐-210222"
            }, {
                "title": "有声小说",
                "icon": "http://imagev2.xmcdn.com/storages/3836-audiofreehighqps/83/6D/CMCoOScECRkPAAAbDQCKTf61.png!op_type=0&magick=webp&unlimited=0",
                "type": 5,
                "value": "iting://open?msg_type=78&category_id=58&title=VIP有声小说",
                "iconForNight": "http://imagev2.xmcdn.com/storages/49ca-audiofreehighqps/89/FA/CMCoOSAECRkeAAAbDQCKTgQ4.png!op_type=0&magick=webp&unlimited=0",
                "name": "有声小说-210222"
            }, {
                "title": "历史人文",
                "icon": "http://imagev2.xmcdn.com/storages/ef65-audiofreehighqps/B6/60/CMCoOSMECRkxAAAblQCKTgxH.png!op_type=0&magick=webp&unlimited=0",
                "type": 5,
                "value": "iting://open?msg_type=78&category_id=86&title=VIP历史人文",
                "iconForNight": "http://imagev2.xmcdn.com/storages/0cca-audiofreehighqps/BA/9C/CMCoOSMECRk9AAAblQCKThAz.png!op_type=0&magick=webp&unlimited=0",
                "name": "历史人文-210222"
            }, {
                "title": "商业财经",
                "icon": "http://imagev2.xmcdn.com/storages/58c3-audiofreehighqps/72/94/CMCoOR4ECRmqAAAapgCKTjhZ.png!op_type=0&magick=webp&unlimited=0",
                "type": 5,
                "value": "iting://open?msg_type=78&category_id=88&title=VIP商业财经",
                "iconForNight": "http://imagev2.xmcdn.com/storages/b8c7-audiofreehighqps/A4/B0/CMCoOR8ECRm_AAAapgCKTkEe.png!op_type=0&magick=webp&unlimited=0",
                "name": "商业财经-210222"
            }, {
                "title": "个人成长",
                "icon": "http://imagev2.xmcdn.com/storages/6e1e-audiofreehighqps/BB/26/CMCoOR4ECRncAAAcWwCKTk1v.png!op_type=0&magick=webp&unlimited=0",
                "type": 5,
                "value": "iting://open?msg_type=78&category_id=89&title=VIP个人成长",
                "iconForNight": "http://imagev2.xmcdn.com/storages/07e7-audiofreehighqps/CF/0E/CMCoOSMECRn4AAAcWwCKTlcj.png!op_type=0&magick=webp&unlimited=0",
                "name": "个人成长-210222"
            }, {
                "title": "亲子儿童",
                "icon": "http://imagev2.xmcdn.com/storages/ea27-audiofreehighqps/6A/F4/CMCoOSMECRoYAAAibgCKTmL-.png!op_type=0&magick=webp&unlimited=0",
                "type": 5,
                "value": "iting://open?msg_type=78&category_id=90&title=VIP亲子儿童",
                "iconForNight": "http://imagev2.xmcdn.com/storages/5595-audiofreehighqps/2A/4D/CMCoOSQECRosAAAibgCKTmqz.png!op_type=0&magick=webp&unlimited=0",
                "name": "亲子儿童-210222"
            }, {
                "title": "精选好书",
                "icon": "http://imagev2.xmcdn.com/storages/a7aa-audiofreehighqps/66/7A/CMCoOScECRpFAAAXNQCKTnQB.png!op_type=0&magick=webp&unlimited=0",
                "type": 5,
                "value": "iting://open?msg_type=78&category_id=93&title=VIP精选好书",
                "iconForNight": "http://imagev2.xmcdn.com/storages/2f39-audiofreehighqps/A9/9E/CMCoOR8ECRpaAAAXNQCKTnvE.png!op_type=0&magick=webp&unlimited=0",
                "name": "精选好书-210222"
            }],
            "squareType": "PICTURE_AND_TEXT",
            "squareClassType": "SINGLE_FIVE",
            "icon": ""
        }, {
            "moduleType": "RECOMMENDATION",
            "properties": {
                "title": "猜你喜欢",
                "subTitle": "听点爱听的",
                "hasMore": true,
                "cardClass": "HORIZONTAL_TWO"
            },
            "sortEnable": false,
            "moduleId": 2028,
            "moduleName": "猜你喜欢",
            "albums": [{
                "albumId": 30392090,
                "uid": 21430839,
                "intro": "囊括中外传读不朽的世界名著",
                "nickname": "路上读书",
                "coverPath": "http://imagev2.xmcdn.com/group83/M03/A3/33/wKg5I19MqJiTYVZoAAUhu3fk6pY350.jpg!op_type=5&upload_type=album&device_type=ios&name=web_large&magick=webp",
                "logoPic": "http://imagev2.xmcdn.com/group18/M01/0B/D9/wKgJKld-BsPjmGC5AAB19SBSfug936.jpg!op_type=5&upload_type=header&device_type=ios&name=web_large&magick=webp",
                "title": "世界名著精读100本|朗读者、简爱等经典文学名著",
                "tags": "世界名著,名著,阅读",
                "tracks": 119,
                "playsCounts": 4151114,
                "serialState": 2,
                "trackId": 162090274,
                "recSrc": "vector.216V46",
                "recTrack": "19.vipB_root.TabVip.1060",
                "isPaid": true,
                "commentsCount": 112,
                "priceTypeId": 2,
                "price": 198.00,
                "discountedPrice": 198.00,
                "displayPrice": "198.00喜点",
                "displayDiscountedPrice": "198.00喜点",
                "priceTypeEnum": 2,
                "refundSupportType": 0,
                "isVipFree": false,
                "priceUnit": "喜点",
                "isDraft": false,
                "vipFreeType": 1,
                "preferredType": 0,
                "provider": "recommend",
                "contractStatus": 0,
                "subTitle": "囊括中外传读不朽的世界名著",
                "digStatus": 1,
                "deleted": false,
                "public": true,
                "id": 30392090
            }, {
                "albumId": 20654769,
                "uid": 156414406,
                "intro": "知识官张国立解惑，台大教授欧丽娟精讲",
                "nickname": "上译厂刘风",
                "coverPath": "http://imagev2.xmcdn.com/group52/M08/20/6C/wKgLcFxG2AXBfARvAAEsJPrErY8665.jpg!op_type=5&upload_type=album&device_type=ios&name=web_large&magick=webp",
                "logoPic": "http://imagev2.xmcdn.com/group56/M00/59/E8/wKgLdlxT_72D5FmVAACxI3_bL_A819.jpg!op_type=5&upload_type=header&device_type=ios&name=web_large&magick=webp",
                "title": "《红楼梦》全本有声剧",
                "tags": "红楼梦,张国立,声临其境",
                "tracks": 404,
                "playsCounts": 58107879,
                "serialState": 1,
                "trackId": 157109618,
                "recSrc": "vector.216V46",
                "recTrack": "19.vipB_root.TabVip.1060",
                "isPaid": true,
                "commentsCount": 778,
                "priceTypeId": 2,
                "price": 99.00,
                "discountedPrice": 99.00,
                "displayPrice": "99.00喜点",
                "displayDiscountedPrice": "99.00喜点",
                "priceTypeEnum": 2,
                "refundSupportType": 0,
                "isVipFree": false,
                "priceUnit": "喜点",
                "isDraft": true,
                "vipFreeType": 1,
                "preferredType": 1,
                "provider": "recommend",
                "contractStatus": 0,
                "subTitle": "知识官张国立解惑，台大教授欧丽娟精讲",
                "digStatus": 1,
                "albumSubscript": "{\"albumSubscriptValue\":1}",
                "deleted": false,
                "public": true,
                "id": 20654769
            }, {
                "albumId": 30575436,
                "uid": 19634543,
                "intro": "著名作家余华作品",
                "nickname": "一种侃侃",
                "coverPath": "http://imagev2.xmcdn.com/group67/M07/1E/A8/wKgMd125RmyArvSeAAIvtZ91s18164.jpg!op_type=5&upload_type=album&device_type=ios&name=web_large&magick=webp",
                "logoPic": "http://imagev2.xmcdn.com/storages/b48e-audiofreehighqps/AC/D3/CMCoOSADnOgPAAHYYgBtEVmk.jpg!op_type=5&upload_type=header&device_type=ios&name=web_large&magick=webp",
                "title": "活着（致敬经典-余华著，一种侃侃、一刀苏苏演播）",
                "tags": "文学,经典,名著",
                "tracks": 43,
                "playsCounts": 18206350,
                "serialState": 2,
                "trackId": 224035637,
                "recSrc": "vector.216V46",
                "recTrack": "19.vipB_root.TabVip.1060",
                "isPaid": true,
                "commentsCount": 1756,
                "priceTypeId": 2,
                "price": 15.99,
                "discountedPrice": 15.99,
                "displayPrice": "15.99喜点",
                "displayDiscountedPrice": "15.99喜点",
                "priceTypeEnum": 2,
                "refundSupportType": 0,
                "isVipFree": false,
                "priceUnit": "喜点",
                "isDraft": false,
                "vipFreeType": 1,
                "preferredType": 1,
                "provider": "recommend",
                "contractStatus": 0,
                "subTitle": "著名作家余华作品",
                "digStatus": 1,
                "albumSubscript": "{\"albumSubscriptValue\":1}",
                "deleted": false,
                "public": true,
                "id": 30575436
            }, {
                "albumId": 30486153,
                "uid": 95528803,
                "intro": "从罗马帝国衰亡，到一颗糖引发的战争，带你读懂历史智慧",
                "nickname": "喜马讲书",
                "coverPath": "http://imagev2.xmcdn.com/group69/M08/E3/56/wKgMb13FGfLxdb59AATDv__IWC0537.jpg!op_type=5&upload_type=album&device_type=ios&name=web_large&magick=webp",
                "logoPic": "http://imagev2.xmcdn.com/group43/M0B/91/BF/wKgKklsILvGyhMJQAAIplW4msU86818091!op_type=5&upload_type=header&device_type=ios&name=web_large&magick=webp",
                "title": "历史必读100部经典 | 喜马讲书解读曾国藩、孙子兵法",
                "tags": "历史,经典,讲书",
                "tracks": 102,
                "playsCounts": 5274490,
                "serialState": 1,
                "trackId": 226593578,
                "recSrc": "vector.216V46",
                "recTrack": "19.vipB_root.TabVip.1060",
                "isPaid": true,
                "commentsCount": 120,
                "priceTypeId": 2,
                "price": 99.00,
                "discountedPrice": 99.00,
                "displayPrice": "99.00喜点",
                "displayDiscountedPrice": "99.00喜点",
                "priceTypeEnum": 2,
                "refundSupportType": 0,
                "isVipFree": false,
                "priceUnit": "喜点",
                "isDraft": true,
                "vipFreeType": 1,
                "preferredType": 1,
                "provider": "recommend",
                "contractStatus": 0,
                "subTitle": "从罗马帝国衰亡，到一颗糖引发的战争，带你读懂历史智慧",
                "digStatus": 1,
                "albumSubscript": "{\"albumSubscriptValue\":1}",
                "deleted": false,
                "public": true,
                "id": 30486153
            }, {
                "albumId": 43287469,
                "uid": 86341650,
                "intro": "一个传奇警察和毒贩、悍匪、黑道大佬的交锋实录",
                "nickname": "光合积木",
                "coverPath": "http://imagev2.xmcdn.com/storages/b017-audiofreehighqps/50/57/CMCoOSEDft5oAApjeQBlMQQD.jpg!op_type=5&upload_type=album&device_type=ios&name=web_large&magick=webp",
                "logoPic": "http://imagev2.xmcdn.com/group28/M05/34/AE/wKgJSFlUnYizY2yBAAMJJwz4v_A330.jpg!op_type=5&upload_type=header&device_type=ios&name=web_large&magick=webp",
                "title": "余罪：我的刑侦笔记（张一山主演网剧原著，多人有声剧）",
                "tags": "悬疑,推理,多人小说剧",
                "tracks": 173,
                "playsCounts": 15907598,
                "serialState": 1,
                "trackId": 353850989,
                "recSrc": "vector.216V46",
                "recTrack": "19.vipB_root.TabVip.1060",
                "isPaid": true,
                "commentsCount": 2129,
                "priceTypeId": 1,
                "price": 0.20,
                "discountedPrice": 0.20,
                "displayPrice": "0.20喜点/集",
                "displayDiscountedPrice": "0.20喜点/集",
                "priceTypeEnum": 1,
                "refundSupportType": 0,
                "isVipFree": false,
                "priceUnit": "喜点/集",
                "isDraft": false,
                "vipFreeType": 1,
                "preferredType": 1,
                "provider": "recommend",
                "contractStatus": 0,
                "subTitle": "一个传奇警察和毒贩、悍匪、黑道大佬的交锋实录",
                "digStatus": 1,
                "albumSubscript": "{\"albumSubscriptValue\":1}",
                "deleted": false,
                "public": true,
                "id": 43287469
            }, {
                "albumId": 30919719,
                "uid": 34706482,
                "intro": "扑朔迷离的古今悬案，领略神奇的中华文明",
                "nickname": "龙庙山精品故事",
                "coverPath": "http://imagev2.xmcdn.com/group69/M00/38/3B/wKgMeV3KcjajSjXZAAQth0ldoKA396.jpg!op_type=5&upload_type=album&device_type=ios&name=web_large&magick=webp",
                "logoPic": "http://imagev2.xmcdn.com/group23/M00/17/68/wKgJNFgZOpOyH8-dAAAPcc-vZjs140.png!op_type=5&upload_type=header&device_type=ios&name=web_large&magick=webp",
                "title": "中国至今未解之谜|200+历史悬案（主讲：龙庙山）",
                "tags": "",
                "tracks": 315,
                "playsCounts": 5535082,
                "serialState": 0,
                "trackId": 227687948,
                "recSrc": "vector.216V46",
                "recTrack": "19.vipB_root.TabVip.1060",
                "isPaid": true,
                "commentsCount": 33,
                "priceTypeId": 1,
                "price": 0.20,
                "discountedPrice": 0.20,
                "displayPrice": "0.20喜点/集",
                "displayDiscountedPrice": "0.20喜点/集",
                "priceTypeEnum": 1,
                "refundSupportType": 0,
                "isVipFree": false,
                "priceUnit": "喜点/集",
                "isDraft": false,
                "vipFreeType": 1,
                "preferredType": 0,
                "provider": "recommend",
                "contractStatus": 0,
                "subTitle": "扑朔迷离的古今悬案，领略神奇的中华文明",
                "digStatus": 1,
                "deleted": false,
                "public": true,
                "id": 30919719
            }],
            "loopSize": 6
        }, {
            "moduleType": "AUDITION",
            "sortEnable": false,
            "moduleId": 2029,
            "moduleName": "焦点图",
            "focusImages": {
                "ret": 0,
                "responseId": 5385410179234,
                "data": [{
                    "isShareFlag": false,
                    "thirdShowStatUrls": [],
                    "thirdClickStatUrls": [],
                    "showTokens": [],
                    "clickTokens": [],
                    "recSrc": "189V0",
                    "recTrack": "r.20000",
                    "isLandScape": false,
                    "isInternal": 1,
                    "adBucketIds": "",
                    "isTrueExposure": false,
                    "adId": 1310317,
                    "link": "http://ad.ximalaya.com/adrecord?ad=1310317&bucketIds=0&rec_src=189V0&rec_track=r.20000&rec_src=189V0&rec_track=r.20000",
                    "realLink": "iting://open?msg_type=11&track_id=395053390",
                    "cover": "http://imagev2.xmcdn.com/storages/1cfc-audiofreehighqps/FB/C5/CMCoOSMEKIrGAAH0UgCTuTiG.jpg",
                    "displayType": 1,
                    "clickType": 1,
                    "openlinkType": 0,
                    "adType": 0,
                    "isAd": false,
                    "targetId": -1,
                    "clickAction": -1,
                    "buttonShowed": false
                }]
            }
        }, {
            "moduleType": "HISTORY",
            "properties": {
                "title": "最近在听",
                "hasMore": true
            },
            "sortEnable": false,
            "moduleId": 2030,
            "moduleName": "最近在听",
            "records": [{
                "startedAt": 1589803509000,
                "endAt": 1589803521000,
                "direction": 0,
                "breakSecond": 407,
                "albumId": 11693352,
                "trackId": 59331126,
                "trackTitle": "《西游记》第001集~京畿起祸患",
                "albumTitle": "西游记｜李庆丰文化评书",
                "platform": 0,
                "position": 1,
                "lastUpTrackAt": 1519992005000,
                "albumCoverPath": "http://imagev2.xmcdn.com/group56/M09/43/6D/wKgLgFyduIHQkzNSAA203BoTr6w724.jpg!op_type=5&upload_type=album&device_type=ios&name=mobile_small&magick=webp",
                "finished": 1,
                "albumSubscript": "{\"albumSubscriptValue\":3,\"url\":\"http://imagev2.xmcdn.com/group84/M05/AD/AE/wKg5Hl82B7KxnfXmAAAHVnso1fI10.webp\"}",
                "public": true
            }]
        }]
    }
}
