 
{
    "msg": "0",
    "ret": 0,
    "data": [{
        "bubbleText": "",
        "bucketId": 0,
        "contentType": "iting",
        "contentUpdatedAt": 0,
        "coverPath": "http://imagev2.xmcdn.com/storages/30c6-audiofreehighqps/56/6B/CMCoOR4D3DTlAABMVQB9TFCq.png!op_type=0&magick=webp&unlimited=0",
        "darkCoverPath": "http://imagev2.xmcdn.com/storages/edc3-audiofreehighqps/DD/5E/CMCoOSQD5uu6AAAQegCAccIu.png!op_type=0&magick=webp&unlimited=0",
        "displayClass": "one_line",
        "enableShare": false,
        "id": 1146346,
        "isExternalUrl": false,
        "orderNum": 1,
        "properties": {
            "isPaid": false,
            "subTitle": "",
            "myListenType": 0,
            "type": "uri",
            "uri": "iting://open?msg_type=139"
        },
        "subtitle": "",
        "title": "播放历史",
        "url": "",
        "versionId": 1170
    }, {
        "bubbleText": "",
        "bucketId": 0,
        "contentType": "iting",
        "contentUpdatedAt": 0,
        "coverPath": "http://imagev2.xmcdn.com/storages/14ba-audiofreehighqps/7D/F1/CMCoOR8D3DTwAABK7QB9TFOM.png!op_type=0&magick=webp&unlimited=0",
        "darkCoverPath": "http://imagev2.xmcdn.com/storages/52fd-audiofreehighqps/A8/7D/CMCoOScD5uvDAAAPOwCAccT_.png!op_type=0&magick=webp&unlimited=0",
        "displayClass": "one_line",
        "enableShare": false,
        "id": 1146347,
        "isExternalUrl": false,
        "orderNum": 2,
        "properties": {
            "isPaid": false,
            "subTitle": "",
            "myListenType": 3,
            "type": "uri",
            "uri": "iting://download"
        },
        "subtitle": "",
        "title": "下载",
        "url": "",
        "versionId": 1170
    }, {
        "bubbleText": "",
        "bucketId": 0,
        "contentType": "iting",
        "contentUpdatedAt": 0,
        "coverPath": "http://imagev2.xmcdn.com/storages/61fe-audiofreehighqps/BB/B1/CMCoOScD3DUHAAAyzAB9TFnA.png!op_type=0&magick=webp&unlimited=0",
        "darkCoverPath": "http://imagev2.xmcdn.com/storages/924f-audiofreehighqps/DB/4D/CMCoOSID5uvNAAAMCACAccie.png!op_type=0&magick=webp&unlimited=0",
        "displayClass": "one_line",
        "enableShare": false,
        "id": 1146348,
        "isExternalUrl": false,
        "orderNum": 3,
        "properties": {
            "isPaid": false,
            "subTitle": "",
            "purchaseCount": 0,
            "myListenType": 4,
            "type": "uri",
            "uri": "iting://已购"
        },
        "subtitle": "",
        "title": "已购",
        "url": "",
        "versionId": 1170
    }, {
        "bubbleText": "",
        "bucketId": 0,
        "contentType": "iting",
        "contentUpdatedAt": 0,
        "coverPath": "http://imagev2.xmcdn.com/storages/33d6-audiofreehighqps/B6/55/CMCoOScD3DUUAAA88wB9TF2r.png!op_type=0&magick=webp&unlimited=0",
        "darkCoverPath": "http://imagev2.xmcdn.com/storages/b349-audiofreehighqps/79/2C/CMCoOR4D5uvaAAAPWACAcc1X.png!op_type=0&magick=webp&unlimited=0",
        "displayClass": "one_line",
        "enableShare": false,
        "id": 1146349,
        "isExternalUrl": false,
        "orderNum": 4,
        "properties": {
            "isPaid": false,
            "subTitle": "喜欢的声音",
            "listenListCount": 0,
            "myListenType": 2,
            "type": "uri",
            "uri": "iting://tingdan",
            "pics": []
        },
        "subtitle": "",
        "title": "听单",
        "url": "",
        "versionId": 1170
    }]
}
