{
    "data": {
        "listenModels": [{
            "breakSecond": 165,
            "childId": 337092406,
            "childTitle": "让自然界的风声、雨声伴你入眠",
            "deviceType": 2,
            "direction": 0,
            "endedAt": 1615961271270,
            "itemCoverUrl": "http://fdfs.xmcdn.com/group64/M0B/76/D0/wKgMaV1ThVzS3uFUAABWZYXQ7ls814.png",
            "itemId": 1,
            "itemTitle": "助眠解压",
            "length": 165,
            "platform": 0,
            "startedAt": 1615961269046,
            "type": 1,
            "uid": 21592084
        }, {
            "childId": 0,
            "deviceType": 2,
            "endedAt": 1615257462000,
            "itemCoverUrl": "http://imagev2.xmcdn.com/group77/M04/61/A1/wKgO1V6OneajTEWPAACeeIyrWyw439.png!op_type=3&columns=640&rows=640",
            "itemId": 1094,
            "itemTitle": "包头生活娱乐广播",
            "platform": 0,
            "startedAt": 1615257461000,
            "type": 2,
            "uid": 0
        }, {
            "albumSubscript": "{\"albumSubscriptValue\":1,\"url\":\"http://imagev2.xmcdn.com/group84/M05/AD/AF/wKg5Hl82B7jxj56tAAAFDh_hHas76.webp\"}",
            "breakSecond": 20,
            "childId": 357541622,
            "childTitle": "在中国祭奠死者为什么要烧纸呢？",
            "deviceType": 2,
            "direction": 0,
            "endedAt": 1606817247413,
            "isPaid": false,
            "itemCoverUrl": "http://imagev2.xmcdn.com/group61/M0A/63/3A/wKgMZl0kSD2Q9lS1AAD1N-3eHw4387.jpg!op_type=3&columns=180&rows=180&magick=png",
            "itemId": 9765576,
            "itemTitle": "中国历史未解之谜",
            "length": 296,
            "paid": false,
            "platform": 0,
            "startedAt": 1606817151416,
            "type": 1,
            "uid": 87856014
        }, {
            "breakSecond": 134,
            "childId": 360623591,
            "childTitle": "韩信：历史上创造成语最多的人,堪称成语专业户,你知道几个（上）",
            "deviceType": 2,
            "direction": 0,
            "endedAt": 1606816776000,
            "isPaid": false,
            "itemCoverUrl": "http://imagev2.xmcdn.com/group90/M02/2C/89/wKg5B197BqjAER41AAEIefNnGt4892.jpg!op_type=3&columns=180&rows=180&magick=png",
            "itemId": 42337595,
            "itemTitle": "中国历史经典传奇",
            "length": 415,
            "paid": false,
            "platform": 0,
            "startedAt": 1606816642000,
            "type": 1,
            "uid": 30415196
        }, {
            "breakSecond": 183,
            "childId": 343965079,
            "childTitle": "鬼谷子，历史上头号牛人，不接受任何辩驳",
            "deviceType": 2,
            "direction": 0,
            "endedAt": 1606814951887,
            "isPaid": false,
            "itemCoverUrl": "http://imagev2.xmcdn.com/storages/ea4d-audiofreehighqps/86/72/CMCoOScD206lAAHYywB9GhPW.jpeg!op_type=3&columns=180&rows=180&magick=png",
            "itemId": 42088942,
            "itemTitle": "《鬼谷子》白话全集",
            "length": 224,
            "paid": false,
            "platform": 0,
            "startedAt": 1606814758825,
            "type": 1,
            "uid": 158302101
        }, {
            "albumSubscript": "{\"albumSubscriptValue\":5,\"url\":\"http://imagev2.xmcdn.com/group83/M00/AC/FC/wKg5HV82B62xUdvGAAAI2maIqfA90.webp\"}",
            "breakSecond": 76,
            "childId": 360460504,
            "childTitle": "【自我认知】我是女汉子，我要如何温柔起来？——健康依赖",
            "deviceType": 2,
            "direction": 0,
            "endedAt": 1606814758877,
            "isPaid": true,
            "isVipFree": false,
            "itemCoverUrl": "http://imagev2.xmcdn.com/group69/M07/55/4C/wKgMb13beD2xyEXeAA4O40iZyPc520.jpg!op_type=3&columns=180&rows=180&magick=png",
            "itemId": 30391254,
            "itemTitle": "蕊希解忧室：温暖你的365个夜晚",
            "length": 243,
            "paid": true,
            "platform": 0,
            "startedAt": 1606814638379,
            "type": 1,
            "uid": 1363000,
            "vipFreeType": 0
        }, {
            "breakSecond": 5,
            "childId": 590,
            "childTitle": "上次收听频道：今日国际",
            "deviceType": 2,
            "direction": 0,
            "endedAt": 1597127102981,
            "itemCoverUrl": "http://fdfs.xmcdn.com/group81/M08/BF/C7/wKgPEl7E2oeDEBwiAACdpEpzCX0725.png",
            "itemId": 2,
            "itemTitle": "私人FM",
            "platform": 0,
            "startedAt": 1597112730231,
            "type": 6
        }, {
            "albumSubscript": "{\"albumSubscriptValue\":1,\"url\":\"http://imagev2.xmcdn.com/group84/M05/AD/AF/wKg5Hl82B7jxj56tAAAFDh_hHas76.webp\"}",
            "breakSecond": 1,
            "childId": 193456813,
            "childTitle": "大白话说中医14（话说肾漏）",
            "deviceType": 2,
            "direction": 0,
            "endedAt": 1596782149000,
            "isPaid": false,
            "itemCoverUrl": "http://imagev2.xmcdn.com/group66/M04/0F/B7/wKgMa12DHjri8FGqAAq58LtqLxE512.jpg!op_type=3&columns=180&rows=180&magick=png",
            "itemId": 24622871,
            "itemTitle": "大白话说中医",
            "length": 1624,
            "paid": false,
            "platform": 0,
            "startedAt": 1596782146000,
            "type": 1,
            "uid": 163647242
        }, {
            "breakSecond": 0,
            "childId": 258556209,
            "childTitle": "我喜欢你 像风走了八千里（序）",
            "deviceType": 2,
            "direction": 0,
            "endedAt": 1596521435000,
            "isPaid": false,
            "itemCoverUrl": "http://imagev2.xmcdn.com/group74/M04/E3/5C/wKgO3F5WUZeSyLMlAAHr5cd4Lyg408.jpg!op_type=3&columns=180&rows=180&magick=png",
            "itemId": 34173650,
            "itemTitle": "我喜欢你 像风走了八千里",
            "length": 407,
            "paid": false,
            "platform": 0,
            "startedAt": 1596521434000,
            "type": 1,
            "uid": 113314031
        }, {
            "breakSecond": 7,
            "childId": 90061659,
            "childTitle": "《夜色钢琴曲》后来 - 赵海洋",
            "deviceType": 2,
            "endedAt": 1596442093073,
            "isPaid": false,
            "itemCoverUrl": "http://imagev2.xmcdn.com/group16/M02/5D/54/wKgDbFcpubOAcFbpAAFgmIO_2l8844.jpg!op_type=3&columns=180&rows=180&magick=png",
            "itemId": 291718,
            "itemTitle": "《夜色钢琴曲》",
            "length": 286,
            "paid": false,
            "platform": 0,
            "startedAt": 1596442085524,
            "type": 1,
            "uid": 16550049
        }, {
            "breakSecond": 1214,
            "childId": 30331386,
            "childTitle": "《西游记》第四十八回 五庄观行者窃人参",
            "deviceType": 2,
            "direction": 0,
            "endedAt": 1592313694000,
            "isPaid": false,
            "itemCoverUrl": "http://imagev2.xmcdn.com/group23/M04/0C/D1/wKgJNFhkzzXzXTSSAAD_tn01vuM834.jpg!op_type=3&columns=180&rows=180&magick=png",
            "itemId": 6303988,
            "itemTitle": "《西游记》原著说讲",
            "length": 1217,
            "paid": false,
            "platform": 0,
            "startedAt": 1592312479000,
            "type": 1,
            "uid": 41447285
        }, {
            "breakSecond": 11,
            "childId": 196888657,
            "childTitle": "总有人看透你，也依旧爱你",
            "deviceType": 2,
            "direction": 0,
            "endedAt": 1591620632668,
            "isPaid": false,
            "itemCoverUrl": "http://imagev2.xmcdn.com/group32/M01/6E/90/wKgJUFn4EV_DiI8AAAEhxSLI2pw799.jpg!op_type=3&columns=180&rows=180&magick=png",
            "itemId": 321787,
            "itemTitle": "蕊希电台",
            "length": 781,
            "paid": false,
            "platform": 0,
            "startedAt": 1591620610133,
            "type": 1,
            "uid": 1363000
        }, {
            "albumSubscript": "{\"albumSubscriptValue\":3,\"url\":\"http://imagev2.xmcdn.com/group84/M05/AD/AE/wKg5Hl82B7KxnfXmAAAHVnso1fI10.webp\"}",
            "breakSecond": 407,
            "childId": 59331126,
            "childTitle": "《西游记》第001集~京畿起祸患",
            "deviceType": 2,
            "direction": 0,
            "endedAt": 1589803521000,
            "isPaid": true,
            "isVipFree": false,
            "itemCoverUrl": "http://imagev2.xmcdn.com/group56/M09/43/6D/wKgLgFyduIHQkzNSAA203BoTr6w724.jpg!op_type=3&columns=180&rows=180&magick=png",
            "itemId": 11693352,
            "itemTitle": "西游记｜李庆丰文化评书",
            "length": 1224,
            "paid": true,
            "platform": 0,
            "startedAt": 1589803509000,
            "type": 1,
            "uid": 80548114,
            "vipFreeType": 1
        }, {
            "breakSecond": 16,
            "childId": 294188117,
            "childTitle": "母亲节的英文祝福，今年必须优雅有文化起来！",
            "deviceType": 2,
            "direction": 0,
            "endedAt": 1589202501000,
            "isPaid": false,
            "itemCoverUrl": "http://imagev2.xmcdn.com/group80/M02/13/EA/wKgPEV61Mayi4aqdAAOAxVfzvgc659.jpg!op_type=3&columns=180&rows=180&magick=png",
            "itemId": 36082482,
            "itemTitle": "【Talktime】带你玩转英语",
            "length": 112,
            "paid": false,
            "platform": 0,
            "startedAt": 1589202484000,
            "type": 1,
            "uid": 224139662
        }, {
            "breakSecond": 88,
            "childId": 271716660,
            "childTitle": "杜克 - 星星、月亮、满满",
            "deviceType": 2,
            "direction": 0,
            "endedAt": 1589202484990,
            "isPaid": false,
            "itemCoverUrl": "http://imagev2.xmcdn.com/group65/M0B/EE/B1/wKgMdF1vZIfiYihnAAFTCVe1OlU723.jpg!op_type=3&columns=180&rows=180&magick=png",
            "itemId": 27888315,
            "itemTitle": "3D大自然睡前曲|枕着宇宙万物入眠 立体声无损享受",
            "length": 400,
            "paid": false,
            "platform": 0,
            "startedAt": 1589202435279,
            "type": 1,
            "uid": 119709217
        }, {
            "breakSecond": 0,
            "childId": 18864845,
            "childTitle": "来学一首林忆莲翻唱过的爱情英文歌",
            "deviceType": 2,
            "direction": 0,
            "endedAt": 1589201495000,
            "isPaid": false,
            "itemCoverUrl": "http://imagev2.xmcdn.com/group57/M03/E1/18/wKgLd1yAnzujdBaHAACk5SUSKAQ623.jpg!op_type=3&columns=180&rows=180&magick=png",
            "itemId": 3373990,
            "itemTitle": "早安英文-最调皮的英语电台",
            "length": 725,
            "paid": false,
            "platform": 0,
            "startedAt": 1589201494000,
            "type": 1,
            "uid": 38526903
        }, {
            "breakSecond": 13,
            "childId": 193424711,
            "childTitle": "温和的连续滚动雷声与轻松的雨-完美的音频循环",
            "deviceType": 2,
            "direction": 0,
            "endedAt": 1589192816000,
            "isPaid": false,
            "itemCoverUrl": "http://imagev2.xmcdn.com/group68/M04/8C/E8/wKgMbl3ABvTgWqbUADTWlVVVf-w793.jpg!op_type=3&columns=180&rows=180&magick=png",
            "itemId": 24620022,
            "itemTitle": "39最好的水，雨和雷声睡眠的声音 - 完美的音频循环 - 睡觉的声音",
            "length": 394,
            "paid": false,
            "platform": 0,
            "startedAt": 1589192802000,
            "type": 1,
            "uid": 121012321
        }, {
            "breakSecond": 29,
            "childId": 16916691,
            "childTitle": "把日子过成诗",
            "deviceType": 2,
            "direction": 0,
            "endedAt": 1588942696289,
            "isPaid": false,
            "itemCoverUrl": "http://imagev2.xmcdn.com/group53/M09/06/D7/wKgLfF35-EWwffqTAAGsp9Up7uk601.jpg!op_type=3&columns=180&rows=180&magick=png",
            "itemId": 4470256,
            "itemTitle": "原来你也在这里",
            "length": 641,
            "paid": false,
            "platform": 0,
            "startedAt": 1588942663660,
            "type": 1,
            "uid": 33865721
        }, {
            "breakSecond": 5,
            "childId": 162191984,
            "childTitle": "秘鲁发生酒店抢劫事件 41名中国籍游客无伤亡",
            "deviceType": 2,
            "direction": 0,
            "endedAt": 1550833959000,
            "isPaid": false,
            "itemCoverUrl": "http://imagev2.xmcdn.com/group33/M02/85/08/wKgJTFpcaUCS86jcAADx8I4Z1Fs369.jpg!op_type=3&columns=180&rows=180&magick=png",
            "itemId": 12580785,
            "itemTitle": "鲜快报",
            "length": 58,
            "paid": false,
            "platform": 0,
            "startedAt": 1550833952000,
            "type": 1,
            "uid": 102403331
        }, {
            "breakSecond": 41,
            "childId": 148192631,
            "childTitle": "Episode 77 Trojan horse",
            "deviceType": 2,
            "direction": 0,
            "endedAt": 1547547291000,
            "isPaid": false,
            "itemCoverUrl": "http://imagev2.xmcdn.com/group75/M05/14/69/wKgO3V562XSgC-XaAA5De0MzCjY396.jpg!op_type=3&columns=180&rows=180&magick=png",
            "itemId": 18255128,
            "itemTitle": "英语三分钟｜Eva",
            "length": 159,
            "paid": false,
            "platform": 0,
            "startedAt": 1547547289000,
            "type": 1,
            "uid": 127946297
        }, {
            "breakSecond": 162,
            "childId": 150878829,
            "childTitle": "133 右脑幸福定律：幸福在“右脑”",
            "deviceType": 2,
            "direction": 0,
            "endedAt": 1547114560000,
            "isPaid": false,
            "itemCoverUrl": "http://imagev2.xmcdn.com/group61/M09/6D/16/wKgMcF0cecyCO6WPAAFqe9FHJhw480.jpg!op_type=3&columns=180&rows=180&magick=png",
            "itemId": 16969212,
            "itemTitle": "墨菲定律",
            "length": 642,
            "paid": false,
            "platform": 0,
            "startedAt": 1547114396000,
            "type": 1,
            "uid": 7338393
        }, {
            "breakSecond": 189,
            "childId": 146109339,
            "childTitle": "36.欧洲源头希腊(3)：我的盛大希腊婚礼",
            "deviceType": 2,
            "direction": 0,
            "endedAt": 1547020797000,
            "isPaid": false,
            "itemCoverUrl": "http://imagev2.xmcdn.com/group55/M04/C8/E0/wKgLdVx_cyLDWNseACNL74-9rhg525.jpg!op_type=3&columns=180&rows=180&magick=png",
            "itemId": 15273276,
            "itemTitle": "晓说2018",
            "length": 2441,
            "paid": false,
            "platform": 0,
            "startedAt": 1547020618000,
            "type": 1,
            "uid": 91044493
        }, {
            "breakSecond": 21,
            "childId": 148776604,
            "childTitle": "另一半出轨有哪些征兆呢？",
            "deviceType": 2,
            "direction": 0,
            "endedAt": 1546585225876,
            "isPaid": false,
            "itemCoverUrl": "http://imagev2.xmcdn.com/group53/M09/AC/61/wKgLcVwdFwDCGHIEACP3-iYRsS8556.jpg!op_type=3&columns=180&rows=180&magick=png",
            "itemId": 20074853,
            "itemTitle": "婚姻情感丨实用挽回爱情秘籍",
            "length": 281,
            "paid": false,
            "platform": 0,
            "startedAt": 1546585202188,
            "type": 1,
            "uid": 81349594
        }, {
            "breakSecond": 529,
            "childId": 77960339,
            "childTitle": "生活最纯净的时候。",
            "deviceType": 2,
            "direction": 0,
            "endedAt": 1546507161000,
            "isPaid": false,
            "itemCoverUrl": "http://imagev2.xmcdn.com/group55/M00/7C/8E/wKgLdVygopPzQgCzAAL9OwbEo6w316.jpg!op_type=3&columns=180&rows=180&magick=png",
            "itemId": 312817,
            "itemTitle": "台风和玫瑰|治愈你的每一个夜晚",
            "length": 762,
            "paid": false,
            "platform": 0,
            "startedAt": 1546506797000,
            "type": 1,
            "uid": 7312748
        }, {
            "albumSubscript": "{\"albumSubscriptValue\":1,\"url\":\"http://imagev2.xmcdn.com/group84/M05/AD/AF/wKg5Hl82B7jxj56tAAAFDh_hHas76.webp\"}",
            "breakSecond": 30,
            "childId": 55698871,
            "childTitle": "三国327 到底谁变了",
            "deviceType": 2,
            "direction": 0,
            "endedAt": 1546498704068,
            "isPaid": false,
            "itemCoverUrl": "http://imagev2.xmcdn.com/group20/M0B/B6/D6/wKgJLFe-TyuCUGx4AAFJETNyhAw282.jpg!op_type=3&columns=180&rows=180&magick=png",
            "itemId": 3703879,
            "itemTitle": "听谢涛·真三国",
            "length": 1089,
            "paid": false,
            "platform": 0,
            "startedAt": 1546498669004,
            "type": 1,
            "uid": 8889234
        }, {
            "albumSubscript": "{\"albumSubscriptValue\":1,\"url\":\"http://imagev2.xmcdn.com/group84/M05/AD/AF/wKg5Hl82B7jxj56tAAAFDh_hHas76.webp\"}",
            "breakSecond": 476,
            "childId": 147068544,
            "childTitle": "成年人的爱情，分手也不喊疼",
            "deviceType": 2,
            "direction": 0,
            "endedAt": 1546498669014,
            "isPaid": false,
            "itemCoverUrl": "http://imagev2.xmcdn.com/group54/M09/F7/7F/wKgLcl303fWgA6MDAARgazXVkrE055.jpg!op_type=3&columns=180&rows=180&magick=png",
            "itemId": 276477,
            "itemTitle": "两个人，一些事",
            "length": 1030,
            "paid": false,
            "platform": 0,
            "startedAt": 1546498189085,
            "type": 1,
            "uid": 7725987
        }],
        "syncPoint": 1616392472387
    },
    "ret": 0
}
